{"train_loss": [0.49821448495575027, 0.32251540584112304, 0.28983840527487736, 0.26750928136258345, 0.21001697932583055, 0.19415862865112965, 0.1855551153908368, 0.17829757756462283, 0.17209862482314017, 0.16959789946577908, 0.16542558289236492, 0.16214489294033424, 0.15530723953753514, 0.15657083043475556, 0.1533951657562474, 0.14945445420110928, 0.1461339636078847, 0.15435351210287193, 0.14491545434286393, 0.14308137347300848, 0.1378147298506662, 0.13839821038292904, 0.13405490606244094, 0.13038333955348708, 0.13220989746985093, 0.1273904599395453, 0.1251587101641823, 0.12075946143055274, 0.11931412147930245, 0.12124119105876661, 0.11906219680909237, 0.11856930524695153, 0.12121857423213572, 0.11571479477718764, 0.11714613092880623, 0.11494256676801669, 0.11557185785248389, 0.10989191113344204, 0.10575091911881578, 0.10873528524161943, 0.10789163817767224, 0.10441195075613222, 0.11141024075107636, 0.10418962252880233, 0.10388080110542135, 0.09992923156108731, 0.10584579682817646, 0.09901581869211072, 0.09899037549503488, 0.0993472985582414], "val_loss": [0.36741047725081444, 0.32880997471511364, 0.2989976132909457, 0.2535099044519787, 0.23556478531099856, 0.23254260098716864, 0.22362716868519783, 0.21352383156772703, 0.21649892476852983, 0.21364703576546162, 0.20350619607294598, 0.20276823996876678, 0.19952151780792823, 0.22717474769645682, 0.19688317688026777, 0.1955333915539086, 0.19870441624273857, 0.21459775643112758, 0.20538332794482508, 0.19764836896987012, 0.20162881476183733, 0.18592265461726734, 0.18844085081946105, 0.18836182344239205, 0.19406547106336802, 0.18895647026753673, 0.19416135308953622, 0.20957698898079494, 0.18727159833845994, 0.19704608072061092, 0.18613077347011617, 0.18686360927919546, 0.18453762816110006, 0.19019553247683993, 0.18589546092941114, 0.183682033753333, 0.18406532429313907, 0.1852967138402164, 0.18529365576493242, 0.18396538430048773, 0.18910248418493816, 0.17412536086825034, 0.1763313364547988, 0.1805283355837067, 0.17213345132768154, 0.17928493092767894, 0.18076929772117487, 0.17487830994650722, 0.1741666664602235, 0.17699214183570197], "val_dice": [0.5731499791145325, 0.6193227171897888, 0.6634634733200073, 0.7327556014060974, 0.7575176954269409, 0.7612498998641968, 0.773277997970581, 0.7890176177024841, 0.7824721932411194, 0.7840039134025574, 0.8012641072273254, 0.8033575415611267, 0.8075732588768005, 0.7568985819816589, 0.8099547624588013, 0.8094314336776733, 0.8058351874351501, 0.7690284848213196, 0.7810745239257812, 0.7968697547912598, 0.787538468837738, 0.8077514171600342, 0.8018161654472351, 0.813901960849762, 0.7894895076751709, 0.8060835003852844, 0.7951304316520691, 0.7572215795516968, 0.8118728399276733, 0.7978161573410034, 0.8138291239738464, 0.8089231848716736, 0.8157418370246887, 0.812154233455658, 0.8148189187049866, 0.8083087205886841, 0.8111259341239929, 0.8091180920600891, 0.8124120831489563, 0.8139612674713135, 0.8029216527938843, 0.8177526593208313, 0.8107057213783264, 0.8051711916923523, 0.8229215741157532, 0.8024466633796692, 0.8059412240982056, 0.8144533038139343, 0.8166085481643677, 0.8186508417129517], "val_acc": []}